"plasma_import",0.0009968280792236328
"plasma_import",5.078315734863281e-05
"plasma_import",2.9087066650390625e-05
"plasma_import",3.409385681152344e-05
"plasma_import",2.5987625122070312e-05
"plasma_import",2.5033950805664062e-05
"plasma_import",4.291534423828125e-05
"plasma_import",3.0994415283203125e-05
"plasma_import",4.696846008300781e-05
"plasma_import",2.8848648071289062e-05
"sharedmemory_import",0.001238107681274414
"sharedmemory_import",6.508827209472656e-05
"sharedmemory_import",4.601478576660156e-05
"sharedmemory_import",4.506111145019531e-05
"sharedmemory_import",4.38690185546875e-05
"sharedmemory_import",4.601478576660156e-05
"sharedmemory_import",4.482269287109375e-05
"sharedmemory_import",4.38690185546875e-05
"sharedmemory_import",4.410743713378906e-05
"sharedmemory_import",4.315376281738281e-05
"flight_export",4.428818941116333
"flight_export",3.839143991470337
"flight_export",3.7789299488067627
"flight_export",3.9257030487060547
"flight_export",3.788348913192749
"flight_export",4.159895896911621
"flight_export",3.7501280307769775
"flight_export",3.7670280933380127
"flight_export",2.715418815612793
"flight_export",2.7368950843811035
